"Campaign","Keyword","Criterion Type"
"Pesquisa | Ar-condicionado | Curitiba","comprar","Negative Phrase"
"Pesquisa | Ar-condicionado | Curitiba","loja","Negative Phrase"
"Pesquisa | Ar-condicionado | Curitiba","preço do ar condicionado","Negative Phrase"
"Pesquisa | Ar-condicionado | Curitiba","magazine","Negative Phrase"
"Pesquisa | Ar-condicionado | Curitiba","casas bahia","Negative Phrase"
"Pesquisa | Ar-condicionado | Curitiba","mercado livre","Negative Phrase"
"Pesquisa | Ar-condicionado | Curitiba","shopee","Negative Phrase"
"Pesquisa | Ar-condicionado | Curitiba","amazon","Negative Phrase"
"Pesquisa | Ar-condicionado | Curitiba","promoção","Negative Phrase"
"Pesquisa | Ar-condicionado | Curitiba","usado","Negative Phrase"
"Pesquisa | Ar-condicionado | Curitiba","olx","Negative Phrase"
"Pesquisa | Ar-condicionado | Curitiba","controle remoto","Negative Phrase"
"Pesquisa | Ar-condicionado | Curitiba","controle universal","Negative Phrase"
"Pesquisa | Ar-condicionado | Curitiba","manual","Negative Phrase"
"Pesquisa | Ar-condicionado | Curitiba","como instalar","Negative Phrase"
"Pesquisa | Ar-condicionado | Curitiba","como limpar","Negative Phrase"
"Pesquisa | Ar-condicionado | Curitiba","sozinho","Negative Phrase"
"Pesquisa | Ar-condicionado | Curitiba","vídeo","Negative Phrase"
"Pesquisa | Ar-condicionado | Curitiba","curso","Negative Phrase"
"Pesquisa | Ar-condicionado | Curitiba","apostila","Negative Phrase"
"Pesquisa | Ar-condicionado | Curitiba","vaga","Negative Phrase"
"Pesquisa | Ar-condicionado | Curitiba","vagas","Negative Phrase"
"Pesquisa | Ar-condicionado | Curitiba","emprego","Negative Phrase"
"Pesquisa | Ar-condicionado | Curitiba","salário","Negative Phrase"
"Pesquisa | Ar-condicionado | Curitiba","trabalhe conosco","Negative Phrase"
"Pesquisa | Ar-condicionado | Curitiba","franquia","Negative Phrase"
"Pesquisa | Ar-condicionado | Curitiba","pdf","Negative Phrase"
"Pesquisa | Ar-condicionado | Curitiba","o que é","Negative Phrase"
"Pesquisa | Ar-condicionado | Curitiba","automotivo","Negative Phrase"
"Pesquisa | Ar-condicionado | Curitiba","carro","Negative Phrase"
"Pesquisa | Ar-condicionado | Curitiba","veículo","Negative Phrase"
"Pesquisa | Ar-condicionado | Curitiba","geladeira","Negative Phrase"
"Pesquisa | Ar-condicionado | Curitiba","freezer","Negative Phrase"
"Pesquisa | Ar-condicionado | Curitiba","máquina de lavar","Negative Phrase"
"Pesquisa | Ar-condicionado | Curitiba","portátil","Negative Phrase"
"Pesquisa | Ar-condicionado | Curitiba","ventilador","Negative Phrase"
"Pesquisa | Ar-condicionado | Curitiba","climatizador","Negative Phrase"
