"Campaign","Ad group","Keyword","Criterion Type","Final URL"
"Pesquisa | Ar-condicionado | Curitiba","Instalação","instalação de ar condicionado","Exact","https://lp-ar-condicionado-tau.vercel.app/instalacao/"
"Pesquisa | Ar-condicionado | Curitiba","Instalação","instalação de ar condicionado","Phrase","https://lp-ar-condicionado-tau.vercel.app/instalacao/"
"Pesquisa | Ar-condicionado | Curitiba","Instalação","instalação ar condicionado split","Exact","https://lp-ar-condicionado-tau.vercel.app/instalacao/"
"Pesquisa | Ar-condicionado | Curitiba","Instalação","instalação ar condicionado split","Phrase","https://lp-ar-condicionado-tau.vercel.app/instalacao/"
"Pesquisa | Ar-condicionado | Curitiba","Instalação","instalador de ar condicionado","Exact","https://lp-ar-condicionado-tau.vercel.app/instalacao/"
"Pesquisa | Ar-condicionado | Curitiba","Instalação","instalador de ar condicionado","Phrase","https://lp-ar-condicionado-tau.vercel.app/instalacao/"
"Pesquisa | Ar-condicionado | Curitiba","Instalação","instalar ar condicionado","Exact","https://lp-ar-condicionado-tau.vercel.app/instalacao/"
"Pesquisa | Ar-condicionado | Curitiba","Instalação","instalar ar condicionado","Phrase","https://lp-ar-condicionado-tau.vercel.app/instalacao/"
"Pesquisa | Ar-condicionado | Curitiba","Instalação","instalação de split","Exact","https://lp-ar-condicionado-tau.vercel.app/instalacao/"
"Pesquisa | Ar-condicionado | Curitiba","Instalação","instalação de split","Phrase","https://lp-ar-condicionado-tau.vercel.app/instalacao/"
"Pesquisa | Ar-condicionado | Curitiba","Instalação","empresa de instalação de ar condicionado","Exact","https://lp-ar-condicionado-tau.vercel.app/instalacao/"
"Pesquisa | Ar-condicionado | Curitiba","Instalação","empresa de instalação de ar condicionado","Phrase","https://lp-ar-condicionado-tau.vercel.app/instalacao/"
"Pesquisa | Ar-condicionado | Curitiba","Instalação","instalação ar condicionado preço","Exact","https://lp-ar-condicionado-tau.vercel.app/instalacao/"
"Pesquisa | Ar-condicionado | Curitiba","Instalação","instalação ar condicionado preço","Phrase","https://lp-ar-condicionado-tau.vercel.app/instalacao/"
"Pesquisa | Ar-condicionado | Curitiba","Instalação","instalação de ar condicionado curitiba","Exact","https://lp-ar-condicionado-tau.vercel.app/instalacao/"
"Pesquisa | Ar-condicionado | Curitiba","Instalação","instalação de ar condicionado curitiba","Phrase","https://lp-ar-condicionado-tau.vercel.app/instalacao/"
"Pesquisa | Ar-condicionado | Curitiba","Limpeza","limpeza de ar condicionado","Exact","https://lp-ar-condicionado-tau.vercel.app/limpeza/"
"Pesquisa | Ar-condicionado | Curitiba","Limpeza","limpeza de ar condicionado","Phrase","https://lp-ar-condicionado-tau.vercel.app/limpeza/"
"Pesquisa | Ar-condicionado | Curitiba","Limpeza","higienização de ar condicionado","Exact","https://lp-ar-condicionado-tau.vercel.app/limpeza/"
"Pesquisa | Ar-condicionado | Curitiba","Limpeza","higienização de ar condicionado","Phrase","https://lp-ar-condicionado-tau.vercel.app/limpeza/"
"Pesquisa | Ar-condicionado | Curitiba","Limpeza","limpeza de split","Exact","https://lp-ar-condicionado-tau.vercel.app/limpeza/"
"Pesquisa | Ar-condicionado | Curitiba","Limpeza","limpeza de split","Phrase","https://lp-ar-condicionado-tau.vercel.app/limpeza/"
"Pesquisa | Ar-condicionado | Curitiba","Limpeza","limpeza ar condicionado split","Exact","https://lp-ar-condicionado-tau.vercel.app/limpeza/"
"Pesquisa | Ar-condicionado | Curitiba","Limpeza","limpeza ar condicionado split","Phrase","https://lp-ar-condicionado-tau.vercel.app/limpeza/"
"Pesquisa | Ar-condicionado | Curitiba","Limpeza","lavagem de ar condicionado","Exact","https://lp-ar-condicionado-tau.vercel.app/limpeza/"
"Pesquisa | Ar-condicionado | Curitiba","Limpeza","lavagem de ar condicionado","Phrase","https://lp-ar-condicionado-tau.vercel.app/limpeza/"
"Pesquisa | Ar-condicionado | Curitiba","Limpeza","manutenção preventiva ar condicionado","Exact","https://lp-ar-condicionado-tau.vercel.app/limpeza/"
"Pesquisa | Ar-condicionado | Curitiba","Limpeza","manutenção preventiva ar condicionado","Phrase","https://lp-ar-condicionado-tau.vercel.app/limpeza/"
"Pesquisa | Ar-condicionado | Curitiba","Limpeza","ar condicionado cheiro de mofo","Exact","https://lp-ar-condicionado-tau.vercel.app/limpeza/"
"Pesquisa | Ar-condicionado | Curitiba","Limpeza","ar condicionado cheiro de mofo","Phrase","https://lp-ar-condicionado-tau.vercel.app/limpeza/"
"Pesquisa | Ar-condicionado | Curitiba","Limpeza","limpeza de ar condicionado curitiba","Exact","https://lp-ar-condicionado-tau.vercel.app/limpeza/"
"Pesquisa | Ar-condicionado | Curitiba","Limpeza","limpeza de ar condicionado curitiba","Phrase","https://lp-ar-condicionado-tau.vercel.app/limpeza/"
"Pesquisa | Ar-condicionado | Curitiba","Conserto","conserto de ar condicionado","Exact","https://lp-ar-condicionado-tau.vercel.app/conserto/"
"Pesquisa | Ar-condicionado | Curitiba","Conserto","conserto de ar condicionado","Phrase","https://lp-ar-condicionado-tau.vercel.app/conserto/"
"Pesquisa | Ar-condicionado | Curitiba","Conserto","assistência técnica ar condicionado","Exact","https://lp-ar-condicionado-tau.vercel.app/conserto/"
"Pesquisa | Ar-condicionado | Curitiba","Conserto","assistência técnica ar condicionado","Phrase","https://lp-ar-condicionado-tau.vercel.app/conserto/"
"Pesquisa | Ar-condicionado | Curitiba","Conserto","ar condicionado não gela","Exact","https://lp-ar-condicionado-tau.vercel.app/conserto/"
"Pesquisa | Ar-condicionado | Curitiba","Conserto","ar condicionado não gela","Phrase","https://lp-ar-condicionado-tau.vercel.app/conserto/"
"Pesquisa | Ar-condicionado | Curitiba","Conserto","ar condicionado pingando água","Exact","https://lp-ar-condicionado-tau.vercel.app/conserto/"
"Pesquisa | Ar-condicionado | Curitiba","Conserto","ar condicionado pingando água","Phrase","https://lp-ar-condicionado-tau.vercel.app/conserto/"
"Pesquisa | Ar-condicionado | Curitiba","Conserto","técnico de ar condicionado","Exact","https://lp-ar-condicionado-tau.vercel.app/conserto/"
"Pesquisa | Ar-condicionado | Curitiba","Conserto","técnico de ar condicionado","Phrase","https://lp-ar-condicionado-tau.vercel.app/conserto/"
"Pesquisa | Ar-condicionado | Curitiba","Conserto","manutenção de ar condicionado","Exact","https://lp-ar-condicionado-tau.vercel.app/conserto/"
"Pesquisa | Ar-condicionado | Curitiba","Conserto","manutenção de ar condicionado","Phrase","https://lp-ar-condicionado-tau.vercel.app/conserto/"
"Pesquisa | Ar-condicionado | Curitiba","Conserto","ar condicionado com defeito","Exact","https://lp-ar-condicionado-tau.vercel.app/conserto/"
"Pesquisa | Ar-condicionado | Curitiba","Conserto","ar condicionado com defeito","Phrase","https://lp-ar-condicionado-tau.vercel.app/conserto/"
"Pesquisa | Ar-condicionado | Curitiba","Conserto","conserto de ar condicionado curitiba","Exact","https://lp-ar-condicionado-tau.vercel.app/conserto/"
"Pesquisa | Ar-condicionado | Curitiba","Conserto","conserto de ar condicionado curitiba","Phrase","https://lp-ar-condicionado-tau.vercel.app/conserto/"
"Pesquisa | Ar-condicionado | Curitiba","Geral","empresa de ar condicionado","Exact","https://lp-ar-condicionado-tau.vercel.app/"
"Pesquisa | Ar-condicionado | Curitiba","Geral","empresa de ar condicionado","Phrase","https://lp-ar-condicionado-tau.vercel.app/"
"Pesquisa | Ar-condicionado | Curitiba","Geral","serviço de ar condicionado","Exact","https://lp-ar-condicionado-tau.vercel.app/"
"Pesquisa | Ar-condicionado | Curitiba","Geral","serviço de ar condicionado","Phrase","https://lp-ar-condicionado-tau.vercel.app/"
"Pesquisa | Ar-condicionado | Curitiba","Geral","ar condicionado curitiba","Exact","https://lp-ar-condicionado-tau.vercel.app/"
"Pesquisa | Ar-condicionado | Curitiba","Geral","ar condicionado curitiba","Phrase","https://lp-ar-condicionado-tau.vercel.app/"
"Pesquisa | Ar-condicionado | Curitiba","Geral","técnico de ar condicionado perto de mim","Exact","https://lp-ar-condicionado-tau.vercel.app/"
"Pesquisa | Ar-condicionado | Curitiba","Geral","técnico de ar condicionado perto de mim","Phrase","https://lp-ar-condicionado-tau.vercel.app/"
"Pesquisa | Ar-condicionado | Curitiba","Geral","climatização residencial","Exact","https://lp-ar-condicionado-tau.vercel.app/"
"Pesquisa | Ar-condicionado | Curitiba","Geral","climatização residencial","Phrase","https://lp-ar-condicionado-tau.vercel.app/"
"Pesquisa | Ar-condicionado | Curitiba","Geral","refrigeração e climatização","Exact","https://lp-ar-condicionado-tau.vercel.app/"
"Pesquisa | Ar-condicionado | Curitiba","Geral","refrigeração e climatização","Phrase","https://lp-ar-condicionado-tau.vercel.app/"
"Pesquisa | Ar-condicionado | Curitiba","Geral","ar condicionado split serviço","Exact","https://lp-ar-condicionado-tau.vercel.app/"
"Pesquisa | Ar-condicionado | Curitiba","Geral","ar condicionado split serviço","Phrase","https://lp-ar-condicionado-tau.vercel.app/"
"Pesquisa | Ar-condicionado | Curitiba","Empresas","pmoc ar condicionado","Exact","https://lp-ar-condicionado-tau.vercel.app/empresas/"
"Pesquisa | Ar-condicionado | Curitiba","Empresas","pmoc ar condicionado","Phrase","https://lp-ar-condicionado-tau.vercel.app/empresas/"
"Pesquisa | Ar-condicionado | Curitiba","Empresas","plano de manutenção ar condicionado","Exact","https://lp-ar-condicionado-tau.vercel.app/empresas/"
"Pesquisa | Ar-condicionado | Curitiba","Empresas","plano de manutenção ar condicionado","Phrase","https://lp-ar-condicionado-tau.vercel.app/empresas/"
"Pesquisa | Ar-condicionado | Curitiba","Empresas","manutenção ar condicionado empresa","Exact","https://lp-ar-condicionado-tau.vercel.app/empresas/"
"Pesquisa | Ar-condicionado | Curitiba","Empresas","manutenção ar condicionado empresa","Phrase","https://lp-ar-condicionado-tau.vercel.app/empresas/"
"Pesquisa | Ar-condicionado | Curitiba","Empresas","contrato manutenção ar condicionado","Exact","https://lp-ar-condicionado-tau.vercel.app/empresas/"
"Pesquisa | Ar-condicionado | Curitiba","Empresas","contrato manutenção ar condicionado","Phrase","https://lp-ar-condicionado-tau.vercel.app/empresas/"
"Pesquisa | Ar-condicionado | Curitiba","Empresas","pmoc lei 13589","Exact","https://lp-ar-condicionado-tau.vercel.app/empresas/"
"Pesquisa | Ar-condicionado | Curitiba","Empresas","pmoc lei 13589","Phrase","https://lp-ar-condicionado-tau.vercel.app/empresas/"
"Pesquisa | Ar-condicionado | Curitiba","Empresas","empresa de pmoc","Exact","https://lp-ar-condicionado-tau.vercel.app/empresas/"
"Pesquisa | Ar-condicionado | Curitiba","Empresas","empresa de pmoc","Phrase","https://lp-ar-condicionado-tau.vercel.app/empresas/"
"Pesquisa | Ar-condicionado | Curitiba","Empresas","pmoc curitiba","Exact","https://lp-ar-condicionado-tau.vercel.app/empresas/"
"Pesquisa | Ar-condicionado | Curitiba","Empresas","pmoc curitiba","Phrase","https://lp-ar-condicionado-tau.vercel.app/empresas/"
